{
  "DL19": {
    "base": {
      "mean": 0.5633559946689549,
      "ci_half_width": 0.08145103745430335,
      "ci_lower": 0.4802241895379476,
      "ci_upper": 0.6431262644465543,
      "std": 0.27960409507488737,
      "n": 43
    },
    "ra_sce": {
      "mean": 0.5801392716421963,
      "ci_half_width": 0.07923354149425854,
      "ci_lower": 0.5000411042751693,
      "ci_upper": 0.6585081872636864,
      "std": 0.27540541484788617,
      "n": 43
    },
    "ce_all": {
      "mean": 0.6141001669832092,
      "ci_half_width": 0.07654444996096399,
      "ci_lower": 0.5365419588236183,
      "ci_upper": 0.6896308587455463,
      "std": 0.2610486922337136,
      "n": 43
    }
  },
  "DL20": {
    "base": {
      "mean": 0.5660682341895371,
      "ci_half_width": 0.07387458843794042,
      "ci_lower": 0.49302659400452176,
      "ci_upper": 0.6407757708804026,
      "std": 0.2784272808531698,
      "n": 54
    },
    "ra_sce": {
      "mean": 0.5693299645856296,
      "ci_half_width": 0.07153691489228103,
      "ci_lower": 0.4982488595749348,
      "ci_upper": 0.6413226893594969,
      "std": 0.2731696877871517,
      "n": 54
    },
    "ce_all": {
      "mean": 0.6091586444225527,
      "ci_half_width": 0.07261109793659148,
      "ci_lower": 0.5342725095862044,
      "ci_upper": 0.6794947054593874,
      "std": 0.26851647631629055,
      "n": 54
    }
  }
}