{
  "BM25_DL19": {
    "base": {
      "mean": 0.5058310024399073,
      "ci_lower": 0.4285063105993473,
      "ci_upper": 0.5777288688851482,
      "ci_half_width": 0.07461127914290044,
      "std": 0.25409171581277934,
      "sem": 0.03874862339480733,
      "n": 43
    },
    "ra_sce": {
      "mean": 0.5381787508286044,
      "ci_lower": 0.45916541693818747,
      "ci_upper": 0.6076480723028825,
      "ci_half_width": 0.07424132768234754,
      "std": 0.24543746247181322,
      "sem": 0.03742886213301383,
      "n": 43
    },
    "ce_all": {
      "mean": 0.7002553854411427,
      "ci_lower": 0.6305738351518241,
      "ci_upper": 0.7659516218743311,
      "ci_half_width": 0.0676888933612535,
      "std": 0.22601177749959198,
      "sem": 0.034466472947018524,
      "n": 43
    }
  },
  "BM25_DL20": {
    "base": {
      "mean": 0.4796366724252675,
      "ci_lower": 0.4102503479039637,
      "ci_upper": 0.5503797271441955,
      "ci_half_width": 0.07006468962011589,
      "std": 0.2615319843057285,
      "sem": 0.03558999516481184,
      "n": 54
    },
    "ra_sce": {
      "mean": 0.5042414858940625,
      "ci_lower": 0.4390159925274545,
      "ci_upper": 0.5703128129405799,
      "ci_half_width": 0.0656484102065627,
      "std": 0.24565287433779326,
      "sem": 0.03342912199864609,
      "n": 54
    },
    "ce_all": {
      "mean": 0.653027022171859,
      "ci_lower": 0.5861765908114174,
      "ci_upper": 0.7161795622388664,
      "ci_half_width": 0.0650014857137245,
      "std": 0.23841751333928166,
      "sem": 0.032444514079135664,
      "n": 54
    }
  },
  "Contriever_DL19": {
    "base": {
      "ndcg_cut_10": {
        "mean": 0.6201791567367521,
        "ci_lower": 0.5364139947277429,
        "ci_upper": 0.6965945009707927,
        "ci_half_width": 0.0800902531215249,
        "std": 0.27346411112391256,
        "n": 43
      },
      "map": {
        "mean": 0.45487455549869155,
        "ci_lower": 0.3788777062733982,
        "ci_upper": 0.5287411991817333,
        "ci_half_width": 0.07493174645416759,
        "std": 0.26219586376949555,
        "n": 43
      },
      "recip_rank": {
        "mean": 0.8407244052392409,
        "ci_lower": 0.7449776129377171,
        "ci_upper": 0.9260047447206629,
        "ci_half_width": 0.09051356589147286,
        "std": 0.3010994806172348,
        "n": 43
      },
      "ndcg": {
        "mean": 0.6807389190731317,
        "ci_lower": 0.6111735884468059,
        "ci_upper": 0.7433024445281845,
        "ci_half_width": 0.0660644280406893,
        "std": 0.22905151033696275,
        "n": 43
      }
    },
    "ra_sce": {
      "ndcg_cut_10": {
        "mean": 0.637036835118887,
        "ci_lower": 0.5556915915251583,
        "ci_upper": 0.71141707567814,
        "ci_half_width": 0.07786274207649085,
        "std": 0.2665129156473454,
        "n": 43
      },
      "map": {
        "mean": 0.46345750376456,
        "ci_lower": 0.3851612621733751,
        "ci_upper": 0.5372339362719623,
        "ci_half_width": 0.07603633704929358,
        "std": 0.264840019515724,
        "n": 43
      },
      "recip_rank": {
        "mean": 0.8599483204134368,
        "ci_lower": 0.7735045219638244,
        "ci_upper": 0.9418604651162791,
        "ci_half_width": 0.08417797157622736,
        "std": 0.2824463711681035,
        "n": 43
      },
      "ndcg": {
        "mean": 0.6857339155906975,
        "ci_lower": 0.6171471875485929,
        "ci_upper": 0.7473991500427241,
        "ci_half_width": 0.06512598124706559,
        "std": 0.22696877023964518,
        "n": 43
      }
    },
    "ce_all": {
      "ndcg_cut_10": {
        "mean": 0.6714289159148236,
        "ci_lower": 0.5977124350630232,
        "ci_upper": 0.7421354767821142,
        "ci_half_width": 0.07221152085954552,
        "std": 0.2481045810475161,
        "n": 43
      },
      "map": {
        "mean": 0.47414949073513013,
        "ci_lower": 0.3964511205364483,
        "ci_upper": 0.5491313237611196,
        "ci_half_width": 0.07634010161233565,
        "std": 0.2617651464812284,
        "n": 43
      },
      "recip_rank": {
        "mean": 0.9231266149870803,
        "ci_lower": 0.85140503875969,
        "ci_upper": 0.9825581395348837,
        "ci_half_width": 0.06557655038759685,
        "std": 0.2205490257738169,
        "n": 43
      },
      "ndcg": {
        "mean": 0.6958674841843693,
        "ci_lower": 0.6295158611217886,
        "ci_upper": 0.7569618795642508,
        "ci_half_width": 0.06372300922123109,
        "std": 0.2211904264566921,
        "n": 43
      }
    }
  },
  "Contriever_DL20": {
    "base": {
      "ndcg_cut_10": {
        "mean": 0.6120090359798012,
        "ci_lower": 0.541537950783324,
        "ci_upper": 0.68210414174173,
        "ci_half_width": 0.07028309547920297,
        "std": 0.26859613863785875,
        "n": 54
      },
      "map": {
        "mean": 0.4283686656421258,
        "ci_lower": 0.36726849410099943,
        "ci_upper": 0.4922516604603686,
        "ci_half_width": 0.06249158317968459,
        "std": 0.23558660051306332,
        "n": 54
      },
      "recip_rank": {
        "mean": 0.8800860384193717,
        "ci_lower": 0.8078929226845892,
        "ci_upper": 0.9449449449449451,
        "ci_half_width": 0.06852601113017792,
        "std": 0.26704958704147047,
        "n": 54
      },
      "ndcg": {
        "mean": 0.6726604143930622,
        "ci_lower": 0.6145597121717254,
        "ci_upper": 0.7274065318282928,
        "ci_half_width": 0.0564234098282837,
        "std": 0.21311137823096257,
        "n": 54
      }
    },
    "ra_sce": {
      "ndcg_cut_10": {
        "mean": 0.6160265800729172,
        "ci_lower": 0.5469531426565338,
        "ci_upper": 0.6829444326736073,
        "ci_half_width": 0.06799564500853672,
        "std": 0.2626481081854615,
        "n": 54
      },
      "map": {
        "mean": 0.431254044452696,
        "ci_lower": 0.37164185473080014,
        "ci_upper": 0.4952484507102599,
        "ci_half_width": 0.06180329798972989,
        "std": 0.23420912988585207,
        "n": 54
      },
      "recip_rank": {
        "mean": 0.8800860384193717,
        "ci_lower": 0.8078929226845892,
        "ci_upper": 0.9449449449449451,
        "ci_half_width": 0.06852601113017792,
        "std": 0.26704958704147047,
        "n": 54
      },
      "ndcg": {
        "mean": 0.6748046459259782,
        "ci_lower": 0.6158547176820331,
        "ci_upper": 0.7291513399900398,
        "ci_half_width": 0.05664831115400332,
        "std": 0.21136167686009735,
        "n": 54
      }
    },
    "ce_all": {
      "ndcg_cut_10": {
        "mean": 0.6561265852841667,
        "ci_lower": 0.5862380566319058,
        "ci_upper": 0.7224671385039219,
        "ci_half_width": 0.06811454093600805,
        "std": 0.2571405789135706,
        "n": 54
      },
      "map": {
        "mean": 0.44871173697419886,
        "ci_lower": 0.38639906833865134,
        "ci_upper": 0.5129975325273629,
        "ci_half_width": 0.06329923209435578,
        "std": 0.23928334579258304,
        "n": 54
      },
      "recip_rank": {
        "mean": 0.9032431902802274,
        "ci_lower": 0.8349488046247305,
        "ci_upper": 0.9605783362727807,
        "ci_half_width": 0.06281476582402507,
        "std": 0.2446749835937722,
        "n": 54
      },
      "ndcg": {
        "mean": 0.6879795572011261,
        "ci_lower": 0.628220521993358,
        "ci_upper": 0.7430643427143787,
        "ci_half_width": 0.057421910360510364,
        "std": 0.2139947692208462,
        "n": 54
      }
    }
  },
  "Contriever_DL19_BINARY": {
    "base": {
      "mean": 0.5713543650070109,
      "ci_lower": 0.476809967439661,
      "ci_upper": 0.6604975325255135,
      "ci_half_width": 0.09184378254292624,
      "std": 0.3223926927770605,
      "n": 43
    },
    "ra_sce": {
      "mean": 0.5922001813918991,
      "ci_lower": 0.4996519477165536,
      "ci_upper": 0.6788734810518933,
      "ci_half_width": 0.08961076666766984,