Dataset,Method,nDCG@10,MAP@1000,MRR@10,Delta_nDCG@10,Delta_MAP@1000,Delta_MRR@10,GatedCount,GatedPct,CE_Actions,Tau
MSMARCO_Dev,Base@k0,0.5166136014748467,0.43083333333333335,0.43083333333333335,,,,,,,
MSMARCO_Dev,Base@k1,0.5166136014748467,0.43180061235706796,0.43083333333333335,,,,,,,
MSMARCO_Dev,CE-All,0.5561606311644851,0.4759672790237346,0.475,0.03954702968963841,0.045133945690401245,0.04416666666666663,,,,
MSMARCO_Dev,Ours(RA-SCEv4),0.5166136014748467,0.43180061235706796,0.43083333333333335,0.0,0.0009672790237346129,0.0,3.0,30.0,3.0,0.9808192253112793
