{
  "experiment": "dl19_bm25",
  "retriever": "BM25 (Lucene)",
  "cross_encoder": "cross-encoder/ms-marco-MiniLM-L-12-v2",
  "dataset": "dl19",
  "n_queries": 43,
  "config": {
    "kg": 50,
    "rho": 0.3,
    "w_gap": 1.0,
    "w_ent": 0.25,
    "w_disp": 0.05,
    "k0": 100,
    "ce_rerank_k": 50
  },
  "aggregate_metrics": {
    "base": {
      "map": 0.29928357160323243,
      "recip_rank": 0.8245444036447709,
      "ndcg_cut_10": 0.5058310024399073
    },
    "ce_all": {
      "map": 0.3506896434297718,
      "recip_rank": 0.9800664451827241,
      "ndcg_cut_10": 0.7002553854411427
    },
    "ra_sce": {
      "map": 0.31203760492580374,
      "recip_rank": 0.8671800625594996,
      "ndcg_cut_10": 0.5381787508286044
    },
    "random_30_mean": {
      "map": 0.31332434424983735,
      "recip_rank": 0.8742855200015545,
      "ndcg_cut_10": 0.5607968529562415
    },
    "random_30_std": {
      "map": 0.0013982817099534616,
      "recip_rank": 0.01301241199635561,
      "ndcg_cut_10": 0.005558378022334161
    }
  },
  "no_harm_profile": {
    "ce_all": {
      "helped": 39,
      "neutral": 0,
      "harmed": 4,
      "harmed_pct": 9.30232558139535
    },
    "ra_sce": {
      "helped": 13,
      "neutral": 30,
      "harmed": 0,
      "harmed_pct": 0.0
    },
    "random_30_mean_harmed": 1.2,
    "random_30_mean_harmed_pct": 2.7906976744186047
  },
  "gating": {
    "rate": 0.32558139534883723,
    "tau_risk": 0.9162931007035207,
    "ent_lock_max": 2.98594719814179,
    "mnorm_lock_min": 0.8499667538034805,
    "refined_qids": [
      "156493",
      "489204",
      "573724",
      "1133167",
      "962179",
      "1117099",
      "1112341",
      "183378",
      "1106007",
      "490595",
      "1103812",
      "1121709",
      "19335",
      "1113437"
    ],
    "action_counts": {
      "ce_blend(alpha=0.45)": 7,
      "none": 30,
      "ce_blend(alpha=0.60)": 6
    }
  },
  "timing_seconds": {
    "bm25_total": 0.6662149429321289,
    "ce_all_total": 1.3777592182159424,
    "ce_all_per_query_mean": 0.032040912051533546,
    "ra_sce_total": 0.4341604709625244,
    "random_30_total": 1.8726494312286377
  },
  "latency_ms": {
    "ce_all_per_query_mean": 32.022437383962234,
    "ce_all_per_query_median": 30.145883560180664,
    "ce_all_per_query_p95": 41.3330078125,
    "ce_all_per_query_min": 26.01313591003418,
    "ce_all_per_query_max": 61.97404861450195,
    "note": "Measured after GPU warmup with torch.cuda.synchronize()"
  },
  "per_query_metrics": {
    "base": {
      "156493": {
        "map": 0.4819486468141197,
        "recip_rank": 1.0,
        "ndcg_cut_10": 0.9339091084314125
      },
      "1110199": {
        "map": 0.14264908261149903,
        "recip_rank": 1.0,
        "ndcg_cut_10": 0.3794636361950065
      },
      "1063750": {
        "map": 0.0018238884722090486,
        "recip_rank": 0.05263157894736842,
        "ndcg_cut_10": 0.0
      },
      "130510": {
        "map": 0.8389056953106141,
        "recip_rank": 1.0,
        "ndcg_cut_10": 0.5898660440547013
      },
      "489204": {
        "map": 0.04442859368433257,
        "recip_rank": 1.0,
        "ndcg_cut_10": 0.38733870850518637
      },
      "573724": {
        "map": 0.4687943833331399,
        "recip_rank": 1.0,
        "ndcg_cut_10": 0.4517070279117486
      },
      "168216": {
        "map": 0.3460207612456747,
        "recip_rank": 1.0,
        "ndcg_cut_10": 0.9755453593002132
      },
      "1133167": {
        "map": 0.3173949346607991,
        "recip_rank": 1.0,
        "ndcg_cut_10": 0.5919981461616081
      },
      "527433": {
        "map": 0.09538895203902097,
        "recip_rank": 1.0,
        "ndcg_cut_10": 0.5600452800969662
      },
      "1037798": {
        "map": 0.2306062982185576,
        "recip_rank": 1.0,
        "ndcg_cut_10": 0.3057328351907532
      },
      "915593": {
        "map": 0.17073211083646506,
        "recip_rank": 0.5,
        "ndcg_cut_10": 0.2906246349515899
      },
      "264014": {
        "map": 0.16207232396535579,
        "recip_rank": 1.0,
        "ndcg_cut_10": 0.5257295426909292
      },
      "1121402": {
        "map": 0.8075838723600488,
        "recip_rank": 1.0,
        "ndcg_cut_10": 0.8313959710158559
      },
      "962179": {
        "map": 0.030741676393861574,
        "recip_rank": 0.1111111111111111,
        "ndcg_cut_10": 0.06625422345438903
      },
      "1117099": {
        "map": 0.13760418718579362,
        "recip_rank": 0.5,
        "ndcg_cut_10": 0.5423247252962317
      },
      "148538": {
        "map": 0.1788935809941183,
        "recip_rank": 1.0,
        "ndcg_cut_10": 0.4396345365478301
      },
      "451602": {
        "map": 0.0628937020908648,
        "recip_rank": 0.25,
        "ndcg_cut_10": 0.15838900560379207
      },
      "359349": {
        "map": 0.4159403143783789,
        "recip_rank": 1.0,
        "ndcg_cut_10": 0.8777398932090007
      },
      "1115776": {
        "map": 0.30768806712545366,
        "recip_rank": 1.0,
        "ndcg_cut_10": 0.3727400641587767
      },
      "1112341": {
        "map": 0.05856903153549897,
        "recip_rank": 1.0,
        "ndcg_cut_10": 0.46558084775414543
      },
      "131843": {
        "map": 0.32765671329442214,
        "recip_rank": 1.0,
        "ndcg_cut_10": 0.933745776545611
      },
      "104861": {
        "map": 0.19022833566780384,
        "recip_rank": 1.0,
        "ndcg_cut_10": 0.8238161552123505
      },
      "833860": {
        "map": 0.11304911875916107,
        "recip_rank": 1.0,
        "ndcg_cut_10": 0.5123239176056048
      },
      "207786": {
        "map": 0.3627806373322224,
        "recip_rank": 1.0,
        "ndcg_cut_10": 0.4731015858869518
      },
      "1114819": {
        "map": 0.20079709287165454,
        "recip_rank": 0.5,
        "ndcg_cut_10": 0.5408938513075323
      },
      "183378": {
        "map": 0.1648118487883233,
        "recip_rank": 1.0,
        "ndcg_cut_10": 0.46613985810473746
      },
      "1106007": {
        "map": 0.030269583171507453,
        "recip_rank": 0.5,
        "ndcg_cut_10": 0.15274548932528484
      },
      "1124210": {
        "map": 0.6895602515324307,
        "recip_rank": 1.0,
        "ndcg_cut_10": 0.7333179755181415
      },
      "490595": {
        "map": 0.40094316480419884,
        "recip_rank": 1.0,
        "ndcg_cut_10": 0.4348142215898489
      },
      "1103812": {
        "map": 0.3453649654600004,
        "recip_rank": 1.0,
        "ndcg_cut_10": 0.6520420339644213
      },
      "87181": {
        "map": 0.5283649351424238,
        "recip_rank": 1.0,
        "ndcg_cut_10": 0.6552912902615113
      },
      "443396": {
        "map": 0.003102836879432624,
        "recip_rank": 0.125,
        "ndcg_cut_10": 0.06943122193677725
      },
      "1121709": {
        "map": 0.044928412986489204,
        "recip_rank": 0.3333333333333333,
        "ndcg_cut_10": 0.07491210085649577
      },
      "87452": {
        "map": 0.2582504894069932,
        "recip_rank": 1.0,
        "ndcg_cut_10": 0.4911848007334081
      },
      "855410": {
        "map": 0.95,
        "recip_rank": 1.0,
        "ndcg_cut_10": 0.9665488040107213
      },
      "1114646": {
        "map": 0.39849035352507295,
        "recip_rank": 1.0,
        "ndcg_cut_10": 0.42268246196200904
      },
      "19335": {
        "map": 0.31167344249952944,
        "recip_rank": 1.0,
        "ndcg_cut_10": 0.5755597276220168
      },
      "47923": {
        "map": 0.24137101642696668,
        "recip_rank": 1.0,
        "ndcg_cut_10": 0.548626449333786
      },
      "405717": {
        "map": 0.3229210023910238,
        "recip_rank": 0.25,
        "ndcg_cut_10": 0.32670023857788344
      },
      "182539": {
        "map": 0.7854722240753024,
        "recip_rank": 1.0,
        "ndcg_cut_10": 0.6384914604643188
      },
      "1113437": {
        "map": 0.02778443898081127,
        "recip_rank": 0.3333333333333333,
        "ndcg_cut_10": 0.19222353860334096
      },